id,name,email,password_hash,role,city,phone,created_at
1,Hassan Malik,1_hassan.malik@example.com,hashedpassword7459,viewer,Karachi,+92-332-9286478,2025-08-26 08:38:24
2,Bilal Begum,2_bilal.begum@example.com,hashedpassword1158,admin,Gujranwala,+92-342-6788363,2025-09-06 08:38:24
3,Hira Mehmood,3_hira.mehmood@example.com,hashedpassword3026,viewer,Mardan,+92-325-6261294,2025-06-28 08:38:24
4,Khadija Tariq,4_khadija.tariq@example.com,hashedpassword5569,manager,Peshawar,+92-348-3473276,2025-11-21 08:38:24
5,Raza Bibi,5_raza.bibi@example.com,hashedpassword4122,manager,Multan,+92-315-3723294,2025-06-13 08:38:24
6,Raza Rehman,6_raza.rehman@example.com,hashedpassword3639,viewer,Mardan,+92-328-4093379,2025-09-15 08:38:24
7,Rabia Iqbal,7_rabia.iqbal@example.com,hashedpassword9707,admin,Charsadda,+92-305-7750741,2025-07-04 08:38:24
8,Ali Iqbal,8_ali.iqbal@example.com,hashedpassword7070,viewer,Swat,+92-333-7463953,2026-03-22 08:38:24
9,Sadia Din,9_sadia.din@example.com,hashedpassword2054,ngo_rep,Charsadda,+92-334-7556190,2025-06-01 08:38:24
10,Tariq Ali,10_tariq.ali@example.com,hashedpassword2402,viewer,Hyderabad,+92-327-9082796,2025-08-02 08:38:24
11,Tariq Shah,11_tariq.shah@example.com,hashedpassword1452,manager,Peshawar,+92-302-8788163,2025-11-08 08:38:24
12,Raza Ahmed,12_raza.ahmed@example.com,hashedpassword3617,ngo_rep,Lahore,+92-325-4519255,2026-02-12 08:38:24
13,Sana Qureshi,13_sana.qureshi@example.com,hashedpassword8255,manager,Karachi,+92-321-8211816,2026-04-01 08:38:24
14,Tariq Rehman,14_tariq.rehman@example.com,hashedpassword4025,manager,Faisalabad,+92-304-4834950,2025-06-28 08:38:24
15,Khadija Din,15_khadija.din@example.com,hashedpassword3026,manager,Charsadda,+92-319-8543191,2026-03-21 08:38:24
16,Bilal Qureshi,16_bilal.qureshi@example.com,hashedpassword3277,manager,Abbottabad,+92-323-2605262,2025-06-27 08:38:24
17,Maryam Qureshi,17_maryam.qureshi@example.com,hashedpassword2390,admin,Faisalabad,+92-312-1342059,2026-03-07 08:38:24
18,Fatima Bibi,18_fatima.bibi@example.com,hashedpassword4764,admin,Multan,+92-344-6642168,2026-03-08 08:38:24
19,Sana Shah,19_sana.shah@example.com,hashedpassword8120,manager,Charsadda,+92-329-7319893,2025-10-29 08:38:24
20,Kamran Mehmood,20_kamran.mehmood@example.com,hashedpassword1995,manager,Multan,+92-349-1256122,2025-10-14 08:38:24
21,Hassan Qureshi,21_hassan.qureshi@example.com,hashedpassword6005,ngo_rep,Mardan,+92-300-3527450,2025-11-01 08:38:24
22,Omar Ali,22_omar.ali@example.com,hashedpassword5269,admin,Multan,+92-323-8152758,2025-11-19 08:38:24
23,Khadija Begum,23_khadija.begum@example.com,hashedpassword3281,viewer,Hyderabad,+92-302-2962026,2026-04-06 08:38:24
24,Kamran Iqbal,24_kamran.iqbal@example.com,hashedpassword5843,ngo_rep,Islamabad,+92-340-3310470,2025-05-25 08:38:24
25,Fatima Tariq,25_fatima.tariq@example.com,hashedpassword3596,viewer,Charsadda,+92-315-2472873,2025-09-25 08:38:24
26,Fatima Shah,26_fatima.shah@example.com,hashedpassword4188,viewer,Rawalpindi,+92-339-4023475,2026-05-13 08:38:24
27,Rabia Hussain,27_rabia.hussain@example.com,hashedpassword1758,manager,Hyderabad,+92-318-9415063,2026-02-25 08:38:24
28,Rabia Bibi,28_rabia.bibi@example.com,hashedpassword4693,admin,Abbottabad,+92-338-9436615,2025-11-07 08:38:24
29,Maryam Malik,29_maryam.malik@example.com,hashedpassword5513,viewer,Abbottabad,+92-317-3002163,2026-03-26 08:38:24
30,Hira Hussain,30_hira.hussain@example.com,hashedpassword9880,ngo_rep,Swat,+92-318-1795368,2026-03-23 08:38:24
31,Usman Malik,31_usman.malik@example.com,hashedpassword7290,admin,Charsadda,+92-343-7616958,2026-01-30 08:38:24
32,Imran Din,32_imran.din@example.com,hashedpassword8317,ngo_rep,Mardan,+92-320-5915813,2025-07-18 08:38:24
33,Bilal Begum,33_bilal.begum@example.com,hashedpassword3798,ngo_rep,Karachi,+92-303-9986776,2025-12-10 08:38:24
34,Rabia Malik,34_rabia.malik@example.com,hashedpassword8322,admin,Islamabad,+92-310-2059675,2025-10-28 08:38:24
35,Kamran Bibi,35_kamran.bibi@example.com,hashedpassword4209,manager,Gujranwala,+92-338-9194092,2026-04-04 08:38:24
36,Tariq Malik,36_tariq.malik@example.com,hashedpassword3158,manager,Rawalpindi,+92-326-4477772,2026-01-17 08:38:24
37,Zainab Ahmed,37_zainab.ahmed@example.com,hashedpassword2123,viewer,Quetta,+92-328-1723404,2025-11-26 08:38:24
38,Maryam Sheikh,38_maryam.sheikh@example.com,hashedpassword2820,viewer,Multan,+92-342-3438257,2025-12-09 08:38:24
39,Fatima Zafar,39_fatima.zafar@example.com,hashedpassword4308,viewer,Swat,+92-315-3670408,2026-01-08 08:38:24
40,Tariq Mehmood,40_tariq.mehmood@example.com,hashedpassword3266,ngo_rep,Islamabad,+92-304-6568989,2025-06-12 08:38:24
41,Raza Din,41_raza.din@example.com,hashedpassword8117,admin,Rawalpindi,+92-312-9312619,2025-06-19 08:38:24
42,Sana Ali,42_sana.ali@example.com,hashedpassword6273,ngo_rep,Faisalabad,+92-333-6850020,2026-01-05 08:38:24
43,Omar Qureshi,43_omar.qureshi@example.com,hashedpassword9463,manager,Hyderabad,+92-345-2116691,2025-08-11 08:38:24
44,Nida Mehmood,44_nida.mehmood@example.com,hashedpassword6459,admin,Multan,+92-329-8740421,2025-11-20 08:38:24
45,Tariq Ahmed,45_tariq.ahmed@example.com,hashedpassword1971,manager,Faisalabad,+92-332-5674740,2026-03-06 08:38:24
46,Bilal Ali,46_bilal.ali@example.com,hashedpassword2736,manager,Karachi,+92-340-5303249,2026-04-18 08:38:24
47,Hira Hussain,47_hira.hussain@example.com,hashedpassword7938,viewer,Nowshera,+92-321-1088251,2025-05-13 08:38:24
48,Tariq Rehman,48_tariq.rehman@example.com,hashedpassword9997,manager,Rawalpindi,+92-304-3609151,2026-04-21 08:38:24
49,Fahad Rehman,49_fahad.rehman@example.com,hashedpassword6539,admin,Peshawar,+92-346-2634215,2025-11-09 08:38:24
50,Tariq Din,50_tariq.din@example.com,hashedpassword3314,ngo_rep,Abbottabad,+92-320-3627879,2026-01-15 08:38:24
